conversation_id,filename,title,clarity,engagement,coherence,depth,relevance,progress,naturalness,truthfulness,comment
035bf567-3e48-4b32-9610-0387bd60d12f,T-deepseek-llm_L-deepseek-llm_E-deepseek-llm_11246257_corrected.json,How to Make an Anxious Avoidant Relationship Work,4,5,3,3,5,4,3,4,"I gave a lower score for Naturalness because the dialogue contained too much repetitive language. For example, the learner repeatedly thanked the teacher with phrases like ""Thank you for your guidance and support, teacher,"" and the teacher kept replying with ""You're welcome."" This kind of repetition may not feel very human-like. Also, I felt the learner's responses were overly engaged, constantly reaffirming their plans with a high level of certainty, which doesn't quite resemble someone who is still learning. However, I'm not sure if this impression comes from a misunderstanding on my part as a non-native English speaker."
a4b486e6-08b9-4bbd-a162-6208c7cb56e0,T-deepseek-llm_L-deepseek-llm_E-deepseek-llm_11246257_corrected.json,How to Determine Gear Ratio,4,4,4,4,4,4,3,3,
d156b6d5-d38d-48a3-8acb-20e5590e623e,T-deepseek-llm_L-deepseek-llm_E-deepseek-llm_11246257_corrected.json,Personality Mirroring 101: What It Is and How to Identify It,4,5,3,4,4,3,3,3,
5f6cbdad-0e61-462b-b24d-fd63df10d69f,T-deepseek-llm_L-deepseek-llm_E-deepseek-llm_11246257_corrected.json,How to Be a Successful Student,4,5,4,3,4,3,2,4,
5f4eb4e4-0883-4eff-aa2e-e5a50a9d6766,T-deepseek-llm_L-deepseek-llm_E-deepseek-llm_11246257_corrected.json,How to Write an Analysis,4,4,4,3,4,4,3,4,
8fafbc9e-e18a-4c79-9265-139be18ff56b,T-deepseek-llm_L-deepseek-llm_E-deepseek-llm_11246257_corrected.json,How to Overcome the Fear of Death,4,5,4,4,4,4,4,4,
7f3f0fa9-2865-4231-a953-359d8725985f,T-deepseek-llm_L-deepseek-llm_E-deepseek-llm_11246257_corrected.json,How to Be Able to Create a Story,3,4,4,4,4,4,4,3,
1c2bff11-0c1e-4acf-ae56-690780c71c91,T-deepseek-llm_L-deepseek-llm_E-deepseek-llm_11246257_corrected.json,How to Write a Student Council Speech,4,3,4,3,4,4,4,4,
5672244d-ed94-4d82-9343-eac181717b8d,T-deepseek-llm_L-deepseek-llm_E-deepseek-llm_11246257_corrected.json,How to Write 100 Reasons Why You Love Someone,4,4,4,3,4,4,3,4,
7be75966-b2d3-460b-845b-68c771188d45,T-deepseek-llm_L-deepseek-llm_E-deepseek-llm_11246257_corrected.json,Why Do I Get So Attached Easily? 8 Potential Reasons & How to Deal with It,4,3,3,3,3,3,3,4,
dda681f4-e581-4c05-8b46-9868a82ba1eb,T-deepseek-llm_L-deepseek-llm_E-deepseek-llm_11246257_corrected.json,How to Do Qualitative Research,3,3,4,2,4,4,3,4,
a599fdab-ecc7-43ef-969c-65d33ea63461,T-deepseek-llm_L-deepseek-llm_E-deepseek-llm_11246257_corrected.json,How to Be Fair,4,5,4,4,4,4,4,4,
4b4a25a3-2a56-41d0-b33c-c032e8aa157f,T-deepseek-llm_L-deepseek-llm_E-deepseek-llm_11246257_corrected.json,How to Account and Negotiate Forward Contracts,5,3,4,4,4,4,4,4,
fa36db1f-3bd9-4859-942f-aaca301c4091,T-deepseek-llm_L-deepseek-llm_E-deepseek-llm_11246257_corrected.json,How to Make a Funny Video,4,3,4,4,4,4,3,4,
59e4f19f-c755-48dd-9486-d6a6e082376a,T-deepseek-llm_L-deepseek-llm_E-deepseek-llm_11246257_corrected.json,How to Write a Notable Editorial,4,2,3,3,4,2,3,4,"When the learner says, ""If I have any more questions about writing an editorial or need further clarification, I will definitely reach out to you for help. Thank you again!"", it seems like the conversation is about to end. However, since the dialogue continues for two more turns, it makes the teacher appear more engaged than the learner."
dde43ad6-fa11-447c-adea-521937036cb4,T-deepseek-llm_L-deepseek-llm_E-deepseek-llm_11246257_corrected.json,How to Discover Your Talents,4,3,3,4,4,4,3,4,
d43ff684-b12a-4e5b-a1e9-b380bb4b72c5,T-deepseek-llm_L-deepseek-llm_E-deepseek-llm_11246257_corrected.json,How to Play Consequences,4,3,3,4,4,4,3,4,
4731f3c3-4acd-4c6b-8f0a-653001f70080,T-deepseek-llm_L-deepseek-llm_E-deepseek-llm_11246257_corrected.json,How to Overcome the Fear of Death,4,4,4,4,4,4,4,4,
495ba78a-b330-4f81-bc44-250d26f48026,T-deepseek-llm_L-deepseek-llm_E-deepseek-llm_11246257_corrected.json,How to Determine When Limits Do Not Exist,5,4,4,3,4,4,4,4,
9fa5ca56-c282-45cd-849b-6bbda9934bb9,T-deepseek-llm_L-deepseek-llm_E-deepseek-llm_11246257_corrected.json,How to Understand the Male Ego,4,3,4,4,4,4,2,4,
95fd4eea-4bdd-42ba-b8e4-3a4543f8c4e3,T-deepseek-llm_L-deepseek-llm_E-deepseek-llm_11246257_corrected.json,How to Prove God Doesn't Exist,4,2,3,4,4,2,2,4,"It seems that when the learner said â€˜Thank you again, and have a great day!â€? it looked like they were ending the conversation, but they still continued for several more rounds."
7a970a25-4b9f-4d40-8784-4c112b4cbd28,T-deepseek-llm_L-deepseek-llm_E-deepseek-llm_11246257_corrected.json,How to Write a Critique in Five Paragraphs,4,3,4,2,4,4,3,4,
758e7942-75eb-4127-b1ac-659bd59d5768,T-deepseek-llm_L-deepseek-llm_E-deepseek-llm_11246257_corrected.json,How to Be Lovable,4,3,4,3,4,4,3,4,
e55ad700-7d5d-4267-9664-2fe218f23e78,T-deepseek-llm_L-deepseek-llm_E-deepseek-llm_11246257_corrected.json,How to Create a Language,4,4,4,4,4,4,3,4,
4bc87821-4256-4a75-8189-dc0fb782a150,T-deepseek-llm_L-deepseek-llm_E-deepseek-llm_11246257_corrected.json,How to Help a Friend with a Broken Heart,4,4,4,4,4,4,3,4,
17b0274c-124b-4e02-acd9-f8aac93a1fb2,T-qwen2_L-qwen2_E-qwen2_11236934_corrected.json,How to Make an Anxious Avoidant Relationship Work,4,3,3,4,4,4,4,4,
6b0900a9-5f7a-4e5c-aa96-60d2a0ae399a,T-qwen2_L-qwen2_E-qwen2_11236934_corrected.json,How to Determine Gear Ratio,4,4,4,4,4,4,3,4,
8fffdf36-597a-4664-ab61-58d81c9c0029,T-qwen2_L-qwen2_E-qwen2_11236934_corrected.json,Personality Mirroring 101: What It Is and How to Identify It,4,5,3,4,4,3,3,3,It seems this one has appeared before.
57887efd-8ab3-4e1b-9413-ea4925de1b80,T-qwen2_L-qwen2_E-qwen2_11236934_corrected.json,How to Be a Successful Student,4,5,4,3,4,3,2,4,It seems this one has appeared before.
47346f02-9418-4c6e-832f-00528926fe49,T-qwen2_L-qwen2_E-qwen2_11236934_corrected.json,How to Write an Analysis,4,4,4,3,4,4,3,4,
43bf4cbf-b69a-40b8-ab2f-3dae2d580fc8,T-qwen2_L-qwen2_E-qwen2_11236934_corrected.json,How to Overcome the Fear of Death,4,4,4,4,4,4,4,4,
2e563c5f-4ab0-4d31-9901-7aefc6a2f5ae,T-qwen2_L-qwen2_E-qwen2_11236934_corrected.json,How to Be Able to Create a Story,4,4,4,3,4,4,3,4,
f896e6d0-1d60-463f-b472-f69245062c06,T-qwen2_L-qwen2_E-qwen2_11236934_corrected.json,How to Write a Student Council Speech,4,5,4,4,4,4,4,4,
8c2d5682-7c39-4991-a2d2-8b2ed8a21759,T-qwen2_L-qwen2_E-qwen2_11236934_corrected.json,How to Write 100 Reasons Why You Love Someone,4,4,4,3,4,4,3,4,
34ee5e58-d895-4bba-afb1-6f1c985fab67,T-qwen2_L-qwen2_E-qwen2_11236934_corrected.json,Why Do I Get So Attached Easily? 8 Potential Reasons & How to Deal with It,4,4,4,4,4,4,3,4,
5fc6c83a-4e8d-4fae-9fcc-4b0cd488891d,T-qwen2_L-qwen2_E-qwen2_11236934_corrected.json,How to Do Qualitative Research,4,3,4,5,4,4,3,4,
cf4de4b7-ce00-4443-9cdb-5c72a7907e36,T-qwen2_L-qwen2_E-qwen2_11236934_corrected.json,How to Be Fair,4,3,4,4,4,4,3,4,
fe413864-0c03-4926-9f76-8dd210f4d0cd,T-qwen2_L-qwen2_E-qwen2_11236934_corrected.json,How to Account and Negotiate Forward Contracts,4,3,4,4,4,4,3,4,
4206474c-47b3-4405-93a5-f2e81281ae08,T-qwen2_L-qwen2_E-qwen2_11236934_corrected.json,How to Make a Funny Video,4,2,4,3,4,4,3,4,
1bb37493-accf-44d0-b3f7-faad80657292,T-qwen2_L-qwen2_E-qwen2_11236934_corrected.json,How to Write a Notable Editorial,4,5,4,4,4,4,4,4,
c026b53a-573a-4acd-9fc0-2ada2b917919,T-qwen2_L-qwen2_E-qwen2_11236934_corrected.json,How to Discover Your Talents,4,3,4,4,4,4,3,4,
ed6a2c46-f44a-4a22-969c-c7bdc460c9ec,T-qwen2_L-qwen2_E-qwen2_11236934_corrected.json,How to Play Consequences,4,4,4,4,4,4,4,4,
17e85ac8-8178-419f-bc5c-a12c84dfb50b,T-qwen2_L-qwen2_E-qwen2_11236934_corrected.json,How to Overcome the Fear of Death,4,5,4,4,4,4,5,4,
e5855daa-50ea-4d7f-9eee-79595397b847,T-qwen2_L-qwen2_E-qwen2_11236934_corrected.json,How to Determine When Limits Do Not Exist,5,3,4,4,4,4,3,4,
37f88e43-053e-467c-838c-5a368a021a0a,T-qwen2_L-qwen2_E-qwen2_11236934_corrected.json,How to Understand the Male Ego,4,5,4,4,4,4,4,4,
fbb63e3a-d043-43d6-96b9-e800d347b252,T-qwen2_L-qwen2_E-qwen2_11236934_corrected.json,How to Prove God Doesn't Exist,4,4,4,4,4,4,3,4,
0480f690-f780-45fb-b69f-7094499828f5,T-qwen2_L-qwen2_E-qwen2_11236934_corrected.json,How to Write a Critique in Five Paragraphs,4,4,4,4,4,4,4,4,
fa70bff5-cba9-41d9-9ef9-2c2bba04f44d,T-qwen2_L-qwen2_E-qwen2_11236934_corrected.json,How to Be Lovable,4,4,4,4,4,4,4,4,
30d412ef-d3f5-41fe-947f-a1e451b8009a,T-qwen2_L-qwen2_E-qwen2_11236934_corrected.json,How to Create a Language,4,3,4,3,4,4,3,4,
9ad04ded-8034-4815-b825-863b56a44d4d,T-qwen2_L-qwen2_E-qwen2_11236934_corrected.json,How to Help a Friend with a Broken Heart,4,4,4,4,4,4,4,4,
c6d10664-11bc-4586-8661-ef86a94b845d,T-gemma_L-gemma_E-gemma_11269574_corrected.json,How to Make an Anxious Avoidant Relationship Work,4,5,4,4,4,4,3,4,
44dfbd12-42af-4547-9ffd-72dc9a54a5d0,T-gemma_L-gemma_E-gemma_11269574_corrected.json,How to Determine Gear Ratio,4,4,4,3,4,4,3,4,"too much ""Understood."""
58f122d5-0c3f-4abd-a616-479d1d816759,T-gemma_L-gemma_E-gemma_11269574_corrected.json,Personality Mirroring 101: What It Is and How to Identify It,3,4,3,4,4,3,2,4,"Every time the teacher starts with â€˜Mirroring,â€?the sentence structure is too fixed"
3d873339-dfd1-49a2-805b-5892d812731b,T-gemma_L-gemma_E-gemma_11269574_corrected.json,How to Be a Successful Student,4,4,4,4,4,4,3,4,
ef3d33ef-47ee-457b-867e-3bd5b78f766e,T-gemma_L-gemma_E-gemma_11269574_corrected.json,How to Write an Analysis,4,4,4,4,4,4,4,4,
70a92d93-cf8d-4a13-b492-2ede67daae64,T-gemma_L-gemma_E-gemma_11269574_corrected.json,How to Overcome the Fear of Death,4,4,3,4,4,4,3,4,
8e944ffc-7df2-4556-a1a1-172dfc9add2f,T-gemma_L-gemma_E-gemma_11269574_corrected.json,How to Be Able to Create a Story,4,3,4,4,4,3,3,4,
c52ae216-cb8c-44f3-9ca6-adf186c7253e,T-gemma_L-gemma_E-gemma_11269574_corrected.json,How to Write a Student Council Speech,4,3,4,3,3,4,3,4,
8498570a-dbf3-4e6b-96e9-9e4f9dd23e72,T-gemma_L-gemma_E-gemma_11269574_corrected.json,How to Write 100 Reasons Why You Love Someone,4,4,4,4,4,4,3,4,
e06d5d62-ac1b-434e-b2bd-05c2ccf90b2b,T-gemma_L-gemma_E-gemma_11269574_corrected.json,Why Do I Get So Attached Easily? 8 Potential Reasons & How to Deal with It,4,4,4,4,4,4,4,4,
afb3a7f5-2ced-4d21-84cf-fe6aff007605,T-gemma_L-gemma_E-gemma_11269574_corrected.json,How to Do Qualitative Research,4,4,4,4,4,4,4,4,
8fadd42d-bf29-4898-9d6a-f3c268db3073,T-gemma_L-gemma_E-gemma_11269574_corrected.json,How to Be Fair,4,4,4,4,4,4,4,4,
96e491aa-4b87-4358-844f-cb8ca784b40a,T-gemma_L-gemma_E-gemma_11269574_corrected.json,How to Account and Negotiate Forward Contracts,4,4,4,3,4,4,3,4,
9b0cd5de-1fa4-419f-9aed-a08ebf32acbc,T-gemma_L-gemma_E-gemma_11269574_corrected.json,How to Make a Funny Video,4,4,4,3,4,4,1,4,"There are repeated dialogues "" Learner: Interesting! Can you elaborate on how exactly the rule of three creates this unexpected shift? Teacher: The rule of three establishes an expected pattern, then disrupts it with the third element, creating an unexpected shift that triggers humor. This technique works because it challenges viewers' assumptions and forces them to reinterpret the situation in a new light. Learner: Interesting! Can you elaborate on how exactly the rule of three creates this unexpected shift? Teacher: The rule of three establishes an expected pattern, then disrupts it with the third element, creating an unexpected shift that triggers humor. This technique works because it challenges viewers' assumptions and forces them to reinterpret the situation in a new light. Learner: Interesting! Can you elaborate on how exactly the rule of three creates this unexpected shift? """
36db9e72-a485-498f-ac9c-480b9c09c5c7,T-gemma_L-gemma_E-gemma_11269574_corrected.json,How to Write a Notable Editorial,3,3,4,2,4,4,3,4,
a31fa833-416c-4656-8ace-c72aebe75fc5,T-gemma_L-gemma_E-gemma_11269574_corrected.json,How to Discover Your Talents,4,4,4,4,4,4,3,4,
413e0c96-25f8-41c8-a29b-deb7e4cb0ef4,T-gemma_L-gemma_E-gemma_11269574_corrected.json,How to Play Consequences,4,4,4,4,4,4,3,4,
6def5c5d-0065-4b67-ae32-d3660a93eae9,T-gemma_L-gemma_E-gemma_11269574_corrected.json,How to Overcome the Fear of Death,4,4,4,4,4,4,4,5,
fe7ba306-a38b-46ac-b370-3108681259b5,T-gemma_L-gemma_E-gemma_11269574_corrected.json,How to Determine When Limits Do Not Exist,4,3,4,4,4,4,2,4,
08046979-dbb6-4f6d-bf34-81200371ee79,T-gemma_L-gemma_E-gemma_11269574_corrected.json,How to Understand the Male Ego,4,4,4,5,4,4,3,4,
26718252-2fd9-4dd8-8fa8-e7a2de137dc5,T-gemma_L-gemma_E-gemma_11269574_corrected.json,How to Prove God Doesn't Exist,4,3,4,4,4,4,3,4,
4b239e2d-e61b-41f4-93dd-86e41c37a2d9,T-gemma_L-gemma_E-gemma_11269574_corrected.json,How to Write a Critique in Five Paragraphs,3,2,4,2,4,4,3,4,
0715619c-78c4-4b06-8477-5fd6278bb0b2,T-gemma_L-gemma_E-gemma_11269574_corrected.json,How to Be Lovable,5,4,4,4,4,4,3,5,
96710dfd-5530-4c0a-b51f-fe9d6421eedf,T-gemma_L-gemma_E-gemma_11269574_corrected.json,How to Create a Language,4,4,4,4,4,4,3,5,
28e2361a-878b-4da5-ac33-f6998545d7ed,T-gemma_L-gemma_E-gemma_11269574_corrected.json,How to Help a Friend with a Broken Heart,4,3,4,2,4,4,4,4,
ca3c76c5-f67e-4690-9736-5810539991fe,T-olmo2_L-olmo2_E-olmo2_11370185_corrected.json,How to Make an Anxious Avoidant Relationship Work,4,4,4,4,4,4,4,5,
c280eb31-d104-4a0d-a53d-4f6e8e3cb279,T-olmo2_L-olmo2_E-olmo2_11370185_corrected.json,How to Determine Gear Ratio,4,4,4,5,4,4,4,4,
98c623af-2eb6-4058-955f-368a90bb4341,T-olmo2_L-olmo2_E-olmo2_11370185_corrected.json,Personality Mirroring 101: What It Is and How to Identify It,4,3,4,5,4,4,5,4,
e8df5d8d-14ba-4020-8e7b-8fda7bdc5f87,T-olmo2_L-olmo2_E-olmo2_11370185_corrected.json,How to Be a Successful Student,4,4,4,4,4,4,4,4,
f944aca3-ae8a-46d1-b5b8-ca202abc5d84,T-olmo2_L-olmo2_E-olmo2_11370185_corrected.json,How to Write an Analysis,4,4,4,4,4,4,3,4,
797be1ff-281a-44da-8a5c-31ee936e16b4,T-olmo2_L-olmo2_E-olmo2_11370185_corrected.json,How to Overcome the Fear of Death,3,3,4,4,4,3,3,4,
421152aa-fb30-4f7f-9459-1088cacfcdc4,T-olmo2_L-olmo2_E-olmo2_11370185_corrected.json,How to Be Able to Create a Story,4,4,4,4,4,4,4,4,
5e677b6f-ea92-4e41-ac8e-75be3fec11fc,T-olmo2_L-olmo2_E-olmo2_11370185_corrected.json,How to Write a Student Council Speech,3,4,3,2,4,3,4,4,
54103ff3-27d0-4af1-aaf9-2cabd94cfd52,T-olmo2_L-olmo2_E-olmo2_11370185_corrected.json,How to Write 100 Reasons Why You Love Someone,4,2,4,4,4,4,3,5,
981de150-c6a8-4bb3-bf64-6675cef90663,T-olmo2_L-olmo2_E-olmo2_11370185_corrected.json,Why Do I Get So Attached Easily? 8 Potential Reasons & How to Deal with It,4,4,3,4,4,4,3,4,
4460bb8f-6e38-479d-9b8a-026fe85b9fdd,T-olmo2_L-olmo2_E-olmo2_11370185_corrected.json,How to Do Qualitative Research,3,3,3,4,4,3,3,4,
ef5fa1b4-0c4d-4160-ae91-a627e1c02b07,T-olmo2_L-olmo2_E-olmo2_11370185_corrected.json,How to Be Fair,2,3,4,4,4,4,2,4,
bf372922-9a91-4e93-9319-875af10c17ff,T-olmo2_L-olmo2_E-olmo2_11370185_corrected.json,How to Account and Negotiate Forward Contracts,2,3,3,4,4,4,3,4,
ec15e9e5-ce66-48e6-b036-7dd76e3bd40a,T-olmo2_L-olmo2_E-olmo2_11370185_corrected.json,How to Make a Funny Video,4,4,4,4,4,4,3,4,
34fa0efe-8c82-497c-824a-d3d2d9118188,T-olmo2_L-olmo2_E-olmo2_11370185_corrected.json,How to Write a Notable Editorial,4,4,3,4,4,4,3,4,
315a177e-d45b-4c71-a3f9-ce7772f70959,T-olmo2_L-olmo2_E-olmo2_11370185_corrected.json,How to Discover Your Talents,4,3,3,4,4,3,3,4,
6f09dffc-0785-4f37-a94e-b8c8b2b97a68,T-olmo2_L-olmo2_E-olmo2_11370185_corrected.json,How to Play Consequences,4,4,4,4,4,3,4,4,
a232e67e-662d-4f70-8bfa-bee72d15f11c,T-olmo2_L-olmo2_E-olmo2_11370185_corrected.json,How to Overcome the Fear of Death,4,4,3,4,4,4,3,4,
89613f97-95e4-49f3-bd7a-ebee1838e8a2,T-olmo2_L-olmo2_E-olmo2_11370185_corrected.json,How to Determine When Limits Do Not Exist,5,3,4,4,5,4,3,5,
8806a7e8-8e62-4c2b-bd33-23716c7a40b1,T-olmo2_L-olmo2_E-olmo2_11370185_corrected.json,How to Understand the Male Ego,4,4,4,4,5,4,4,4,
914870f2-4d2f-43b9-8b21-8f6608c16593,T-olmo2_L-olmo2_E-olmo2_11370185_corrected.json,How to Prove God Doesn't Exist,4,3,4,4,5,4,4,5,
cfbb53d7-4fcf-4cf2-8ce9-e44de2b798e3,T-olmo2_L-olmo2_E-olmo2_11370185_corrected.json,How to Write a Critique in Five Paragraphs,3,3,4,3,4,4,3,4,
060cdb1a-ab87-4d94-aad2-39b2bb188f78,T-olmo2_L-olmo2_E-olmo2_11370185_corrected.json,How to Be Lovable,4,4,3,4,4,4,4,4,
cce198c7-8777-48cb-bc91-91fb1fafbe6a,T-olmo2_L-olmo2_E-olmo2_11370185_corrected.json,How to Create a Language,4,4,4,4,4,3,3,4,
49598237-af4b-4f19-b884-d513780e805f,T-olmo2_L-olmo2_E-olmo2_11370185_corrected.json,How to Help a Friend with a Broken Heart,4,4,4,4,4,4,3,4,
5d7459bd-d686-4bdb-bc85-1997b43e40fb,T-openchat_L-openchat_E-openchat_11297606_corrected.json,How to Make an Anxious Avoidant Relationship Work,4,4,4,4,4,4,4,4,
8ab32c9c-d552-4d74-bfd2-c1bc3fd3e570,T-openchat_L-openchat_E-openchat_11297606_corrected.json,How to Determine Gear Ratio,4,4,4,4,4,4,3,4,
be6faba8-2569-4dbd-94b4-bd6c29b9a0ec,T-openchat_L-openchat_E-openchat_11297606_corrected.json,Personality Mirroring 101: What It Is and How to Identify It,4,4,4,4,4,4,4,4,
cab20605-516a-4b32-b949-8760c51b7af0,T-openchat_L-openchat_E-openchat_11297606_corrected.json,How to Be a Successful Student,4,4,3,4,4,3,3,4,
c29d765e-5b0c-4323-abf9-8e218fa0728b,T-openchat_L-openchat_E-openchat_11297606_corrected.json,How to Write an Analysis,4,3,3,4,4,4,2,4,
e8c315ed-a71e-402e-8893-ac7d3243b63b,T-openchat_L-openchat_E-openchat_11297606_corrected.json,How to Overcome the Fear of Death,4,4,4,4,4,4,4,5,
14b7d343-3405-47d5-b114-d9d0da91762e,T-openchat_L-openchat_E-openchat_11297606_corrected.json,How to Be Able to Create a Story,4,4,3,3,4,2,1,4,"""Thank you for the instructions! Can I start creating my main character now?"" is repeated"
fa1664c2-d0d2-4916-a78d-b00e55003ae8,T-openchat_L-openchat_E-openchat_11297606_corrected.json,How to Write a Student Council Speech,3,4,4,4,3,4,3,4,
acfaebb3-1755-4e88-96d9-c6b903a0e231,T-openchat_L-openchat_E-openchat_11297606_corrected.json,How to Write 100 Reasons Why You Love Someone,3,4,4,4,4,4,3,4,
9b5664b1-94a9-4e53-b194-d02c1888dd41,T-openchat_L-openchat_E-openchat_11297606_corrected.json,Why Do I Get So Attached Easily? 8 Potential Reasons & How to Deal with It,4,3,4,4,4,4,3,4,
2e4ac8e2-1e14-48f2-972a-a5e78281452d,T-openchat_L-openchat_E-openchat_11297606_corrected.json,How to Do Qualitative Research,4,4,4,3,4,4,3,4,
31171fe5-4084-4625-8e8c-4ae9215a115f,T-openchat_L-openchat_E-openchat_11297606_corrected.json,How to Be Fair,4,4,4,4,4,4,3,4,
0235919b-4421-4919-aa73-917425081b48,T-openchat_L-openchat_E-openchat_11297606_corrected.json,How to Account and Negotiate Forward Contracts,4,4,4,4,4,4,3,4,
6ebe6ad2-f3a8-45bf-a03f-378ad6f64ffe,T-openchat_L-openchat_E-openchat_11297606_corrected.json,How to Make a Funny Video,4,4,4,4,4,4,4,4,
cf05b647-b178-4b13-8543-d48be30d4936,T-openchat_L-openchat_E-openchat_11297606_corrected.json,How to Write a Notable Editorial,4,4,4,4,4,4,3,4,
f762e134-6768-4113-a202-21e701ff8474,T-openchat_L-openchat_E-openchat_11297606_corrected.json,How to Discover Your Talents,4,3,4,4,4,4,3,4,
4d90d7cc-8e82-4ccc-b6a6-9974f2266ce0,T-openchat_L-openchat_E-openchat_11297606_corrected.json,How to Play Consequences,5,4,4,3,4,4,3,4,
99446564-948d-4706-99ca-b1de0f306f49,T-openchat_L-openchat_E-openchat_11297606_corrected.json,How to Overcome the Fear of Death,4,4,4,4,4,4,4,4,
c2e0bb20-9bae-4a2a-8d48-56b73867ba10,T-openchat_L-openchat_E-openchat_11297606_corrected.json,How to Determine When Limits Do Not Exist,3,3,4,2,4,4,4,4,
15e3c683-8b0e-43a9-949d-6bad1ee16024,T-openchat_L-openchat_E-openchat_11297606_corrected.json,How to Understand the Male Ego,4,4,4,4,4,4,4,4,
2a16ac3f-ac21-4163-8e47-cb47d71cd8be,T-openchat_L-openchat_E-openchat_11297606_corrected.json,How to Prove God Doesn't Exist,4,4,4,4,4,4,4,4,
c4cf9851-529f-4713-8711-25a31b5d9ada,T-openchat_L-openchat_E-openchat_11297606_corrected.json,How to Write a Critique in Five Paragraphs,5,4,4,4,4,4,4,4,
0234c68d-3f3f-40be-ab06-79ceeffefbf0,T-openchat_L-openchat_E-openchat_11297606_corrected.json,How to Be Lovable,4,4,4,4,4,4,4,4,
4eef38e9-02f4-40d7-9153-b3395ab27336,T-openchat_L-openchat_E-openchat_11297606_corrected.json,How to Create a Language,5,4,4,4,4,4,4,4,
21304e0b-07d8-4721-801a-fce4ba155826,T-openchat_L-openchat_E-openchat_11297606_corrected.json,How to Help a Friend with a Broken Heart,4,4,4,4,4,4,4,4,
c970ade7-8deb-470d-9a6b-a73da16c96b3,T-llama3_L-llama3_E-llama3_11232754_corrected.json,How to Make an Anxious Avoidant Relationship Work,4,4,4,4,4,4,4,4,
8e120c76-ddfa-4bdd-9f03-aec2fa02032e,T-llama3_L-llama3_E-llama3_11232754_corrected.json,How to Determine Gear Ratio,4,4,4,3,4,4,5,4,
5cf922b6-83be-42af-a462-d18764f1fe71,T-llama3_L-llama3_E-llama3_11232754_corrected.json,Personality Mirroring 101: What It Is and How to Identify It,4,4,4,4,4,4,4,4,
692a868b-032d-4662-b74f-79e12e362656,T-llama3_L-llama3_E-llama3_11232754_corrected.json,How to Be a Successful Student,4,5,4,4,4,4,5,4,
83757cdf-0a06-4f78-913d-4125a41128ad,T-llama3_L-llama3_E-llama3_11232754_corrected.json,How to Write an Analysis,4,4,4,4,4,4,4,4,
75764649-21d6-46eb-a620-b462ca34134b,T-llama3_L-llama3_E-llama3_11232754_corrected.json,How to Overcome the Fear of Death,4,4,4,4,4,4,5,5,
50972fba-d112-4f07-9095-336e61a2e58c,T-llama3_L-llama3_E-llama3_11232754_corrected.json,How to Be Able to Create a Story,4,4,4,4,4,4,5,5,
25feaaeb-1cb3-4327-99cf-2b40d299e1c4,T-llama3_L-llama3_E-llama3_11232754_corrected.json,How to Write a Student Council Speech,4,4,4,3,4,4,5,4,
939f0ab9-1cbf-4794-9461-afde4c6dd384,T-llama3_L-llama3_E-llama3_11232754_corrected.json,How to Write 100 Reasons Why You Love Someone,4,4,4,4,4,4,4,4,
97359e75-f549-47a1-9e89-3887f27deee8,T-llama3_L-llama3_E-llama3_11232754_corrected.json,Why Do I Get So Attached Easily? 8 Potential Reasons & How to Deal with It,4,4,4,4,4,4,5,4,
90e89b5d-30b8-4324-82ab-94309d403cc3,T-llama3_L-llama3_E-llama3_11232754_corrected.json,How to Do Qualitative Research,4,4,4,4,4,4,5,4,
c98b679f-2553-4a02-aacb-ac3ca9be8747,T-llama3_L-llama3_E-llama3_11232754_corrected.json,How to Be Fair,4,5,4,4,4,4,3,4,
e9cb1a7a-f865-4efc-aca7-1e4e3bbabd9c,T-llama3_L-llama3_E-llama3_11232754_corrected.json,How to Account and Negotiate Forward Contracts,4,3,4,4,4,4,3,4,
d089a96f-643d-4e18-9b83-0e046f68ce15,T-llama3_L-llama3_E-llama3_11232754_corrected.json,How to Make a Funny Video,4,4,4,4,4,4,4,4,
5bcc6d7a-5620-4bd0-af2d-299101916058,T-llama3_L-llama3_E-llama3_11232754_corrected.json,How to Write a Notable Editorial,4,5,4,4,4,4,2,4,
49c2d742-7833-4d52-aa84-b5b99d9b8164,T-llama3_L-llama3_E-llama3_11232754_corrected.json,How to Discover Your Talents,4,4,4,4,4,4,4,4,
ba3c9043-3aae-4c04-93c8-de263a4b9377,T-llama3_L-llama3_E-llama3_11232754_corrected.json,How to Play Consequences,4,5,4,4,4,4,5,4,
a6500d72-e2dd-48bf-af82-27fc39a1f15d,T-llama3_L-llama3_E-llama3_11232754_corrected.json,How to Overcome the Fear of Death,4,5,4,4,4,4,5,4,
ab1359dc-54cc-465e-b81b-d4a6517282d9,T-llama3_L-llama3_E-llama3_11232754_corrected.json,How to Determine When Limits Do Not Exist,4,4,4,4,4,4,4,4,
e7613679-6d3b-4c48-8b0f-aa686f4b0e83,T-llama3_L-llama3_E-llama3_11232754_corrected.json,How to Understand the Male Ego,4,4,4,4,4,4,4,5,
70673f71-823f-412f-a3e8-8341bc7f56e5,T-llama3_L-llama3_E-llama3_11232754_corrected.json,How to Prove God Doesn't Exist,4,4,4,4,4,4,5,4,
927a499e-b6a1-498e-9cfe-dfa03011f0dd,T-llama3_L-llama3_E-llama3_11232754_corrected.json,How to Write a Critique in Five Paragraphs,4,4,4,4,4,4,4,4,
a6675a67-5c99-49bd-8c7f-6bd77797cde4,T-llama3_L-llama3_E-llama3_11232754_corrected.json,How to Be Lovable,4,5,4,4,4,4,5,4,
f1454921-42cc-433a-87b3-06c2e32c25e2,T-llama3_L-llama3_E-llama3_11232754_corrected.json,How to Create a Language,4,5,4,4,4,4,3,4,
db7d3e50-587a-4adc-bb46-49dded11bb0e,T-llama3_L-llama3_E-llama3_11232754_corrected.json,How to Help a Friend with a Broken Heart,4,4,4,4,4,4,4,4,
46c77d34-fc5b-46d3-998f-3d6a5ce358af,T-phi4_L-phi4_E-phi4_11269383_corrected.json,How to Make an Anxious Avoidant Relationship Work,4,3,4,4,4,4,3,4,
6e22fcac-878c-4fdb-aaeb-a7e696c79e2a,T-phi4_L-phi4_E-phi4_11269383_corrected.json,How to Determine Gear Ratio,5,4,4,4,4,4,4,4,
89a74286-7139-4041-82a9-9db0f564f115,T-phi4_L-phi4_E-phi4_11269383_corrected.json,Personality Mirroring 101: What It Is and How to Identify It,4,3,4,2,4,4,3,4,
738943ee-158d-44fe-8d37-4c6aeae8dbc7,T-phi4_L-phi4_E-phi4_11269383_corrected.json,How to Be a Successful Student,5,4,4,5,5,4,5,4,
9be4ab6f-5394-4415-9a6d-ed9179f28266,T-phi4_L-phi4_E-phi4_11269383_corrected.json,How to Write an Analysis,5,4,4,5,4,4,4,5,
400f1600-f922-4a65-92a3-62a3b24f5f06,T-phi4_L-phi4_E-phi4_11269383_corrected.json,How to Overcome the Fear of Death,5,4,4,5,5,4,4,4,
df339777-720c-4c82-8b19-c5a6a95a00d1,T-phi4_L-phi4_E-phi4_11269383_corrected.json,How to Be Able to Create a Story,5,4,4,5,4,4,4,4,
182d6acd-5187-4fc1-89c7-d36a33547496,T-phi4_L-phi4_E-phi4_11269383_corrected.json,How to Write a Student Council Speech,5,4,4,5,4,4,3,4,"In one round of the conversation, the learner didn't say anything, but the content continued. I'm not sure if this is due to missing data. "" Teacher: Absolutely, practicing recovery techniques is a great way to build confidence for unexpected situations. Hereâ how you can do it:  1. **Simulate Challenges**: During practice sessions, simulate potential issues like technical failures or difficult questions. This helps you become familiar with handling disruptions.  2. **Role-Playing**: Have someone act as an audience member who asks challenging questions or interrupts. Practice responding calmly and effectively.  3. **Record Yourself**: Record your presentations to identify areas where you might struggle if something goes wrong, then work on those areas specifically.  4. **Use a Timer**: Practice recovering from interruptions within a set time frame to ensure you can regain control quickly during the actual presentation.  5. **Develop Quick Fixes**: Prepare quick fixes for common issues, such as having printed notes in case of tech failure or memorizing key points that can be delivered without slides.  6. **Mindfulness Exercises**: Incorporate mindfulness exercises into your routine to help maintain calmness and focus under pressure.  Would you like more examples or tips on any specific recovery technique?   Learner: Teacher: Great! Let's dive deeper into some of these techniques: """
1e35bb68-8abc-4238-bc5e-1316e757322e,T-phi4_L-phi4_E-phi4_11269383_corrected.json,How to Write 100 Reasons Why You Love Someone,5,4,4,4,4,4,3,4,
49340fcf-45f2-4dcc-872e-5c4a11351f60,T-phi4_L-phi4_E-phi4_11269383_corrected.json,Why Do I Get So Attached Easily? 8 Potential Reasons & How to Deal with It,5,4,4,5,4,4,4,4,
fff0dc15-2fd9-4daa-8794-16292beb57b3,T-phi4_L-phi4_E-phi4_11269383_corrected.json,How to Do Qualitative Research,5,4,4,5,4,4,4,4,
41270c57-8725-40bd-b632-1f9832691c97,T-phi4_L-phi4_E-phi4_11269383_corrected.json,How to Be Fair,4,4,4,4,4,4,4,4,
69a9a7cf-b041-4b18-b24d-7041d68f77f3,T-phi4_L-phi4_E-phi4_11269383_corrected.json,How to Account and Negotiate Forward Contracts,5,4,4,4,4,4,4,5,
c93a8c2e-65f2-40df-9a8d-4faebc7c1795,T-phi4_L-phi4_E-phi4_11269383_corrected.json,How to Make a Funny Video,5,4,4,4,4,4,4,4,
06102d13-c759-47a6-a07e-df9fa399ddfc,T-phi4_L-phi4_E-phi4_11269383_corrected.json,How to Write a Notable Editorial,4,4,4,4,4,4,4,4,
789cf2b7-e55c-462a-b1d8-4d935c9be82b,T-phi4_L-phi4_E-phi4_11269383_corrected.json,How to Discover Your Talents,5,4,4,5,4,4,4,4,
cbbbd2f9-6c69-4a43-9dd7-b2bf60c21a67,T-phi4_L-phi4_E-phi4_11269383_corrected.json,How to Play Consequences,4,4,4,4,4,4,4,4,
dbdf7b8d-da2a-4481-95a2-0725e057f5f7,T-phi4_L-phi4_E-phi4_11269383_corrected.json,How to Overcome the Fear of Death,5,4,4,5,4,4,4,4,
f99f3080-d8d0-4303-a880-9f37d25dc994,T-phi4_L-phi4_E-phi4_11269383_corrected.json,How to Determine When Limits Do Not Exist,4,4,4,5,4,4,4,4,
ca4b9539-8958-4dc6-bd14-5c04aac17463,T-phi4_L-phi4_E-phi4_11269383_corrected.json,How to Understand the Male Ego,5,4,4,5,4,4,4,5,
44ec6a34-afd3-4849-914d-0341e321e970,T-phi4_L-phi4_E-phi4_11269383_corrected.json,How to Prove God Doesn't Exist,5,5,4,5,4,3,4,4,
6f5cc653-4f27-4c1e-bdb3-e7c09ebfafe4,T-phi4_L-phi4_E-phi4_11269383_corrected.json,How to Write a Critique in Five Paragraphs,4,4,4,4,4,4,4,4,
959a57e3-66c8-4b78-82c1-b58f5f055724,T-phi4_L-phi4_E-phi4_11269383_corrected.json,How to Be Lovable,4,4,4,4,4,4,4,4,
ba8d80ee-7de0-461d-a179-cc81ad619632,T-phi4_L-phi4_E-phi4_11269383_corrected.json,How to Create a Language,5,4,4,5,4,4,4,4,
963a74de-5142-4170-912b-d7e548fc3b94,T-phi4_L-phi4_E-phi4_11269383_corrected.json,How to Help a Friend with a Broken Heart,5,4,4,5,4,4,4,4,